<?xml version="1.0" encoding="UTF-8"?>
<metadata xml:lang="en"><Esri><CreaDate>20190410</CreaDate><CreaTime>10285500</CreaTime><ArcGISFormat>1.0</ArcGISFormat><ArcGISstyle>INSPIRE Metadata Directive</ArcGISstyle><SyncOnce>TRUE</SyncOnce><DataProperties><itemProps><itemLocation><linkage Sync="TRUE">file://\\NO5\C$\Users\Stuckey\Desktop\Shogren\watershed_1</linkage><protocol Sync="TRUE">Local Area Network</protocol></itemLocation></itemProps><copyHistory><copy source="Y:\Toolik\Requests\Bowden_Breck\2014\Watershed_Delineation\Shapefiles\watershed_1" dest="\\NO5\C$\Users\Stuckey\Desktop\Shogren\watershed_1" date="20190410" time="10285500"></copy></copyHistory></DataProperties></Esri></metadata>
